modelo,acuracia
Regressão Logística,0.9166666666666666
KNN,0.875
SVM (RBF),0.9166666666666666
SVM (Polinomial),0.875
SVM (Linear),0.9166666666666666
Decision Tree,0.9583333333333334
Random Forest,0.9166666666666666
