modelo,acuracia
Regressão Logística,0.875
KNN,0.9166666666666666
SVM (RBF),0.9166666666666666
SVM (Polinomial),0.9166666666666666
SVM (Linear),0.9583333333333334
Decision Tree,0.9166666666666666
Random Forest,0.9166666666666666
